<?xml version="1.0"?>
<font type="bitmap">

	<Texture index="0" filename="font.png" hasAlpha="true" />

<c c="!" r="0, 0, 17, 37" />
<c c="&quot;" r="17, 0, 30, 21" />
<c c="#" r="30, 0, 66, 35" />
<c c="$" r="66, 0, 90, 38" />
<c c="%" r="90, 0, 111, 36" />
<c c="&amp;" r="111, 0, 144, 36" />
<c c="'" r="144, 0, 153, 10" />
<c c="(" r="153, 0, 166, 37" />
<c c=")" r="166, 0, 179, 37" />
<c c="*" r="179, 0, 196, 25" />
<c c="+" r="196, 0, 222, 33" />
<c c="," r="222, 0, 231, 38" />
<c c="-" r="231, 0, 245, 26" />
<c c="." r="245, 0, 252, 35" />
<c c="/" r="252, 0, 272, 35" />
<c c="0" r="272, 0, 298, 36" />
<c c="1" r="298, 0, 317, 35" />
<c c="2" r="317, 0, 344, 35" />
<c c="3" r="344, 0, 368, 36" />
<c c="4" r="368, 0, 393, 35" />
<c c="5" r="393, 0, 415, 35" />
<c c="6" r="415, 0, 439, 36" />
<c c="7" r="439, 0, 462, 35" />
<c c="8" r="462, 0, 486, 36" />
<c c="9" r="486, 0, 510, 36" />
<c c=":" r="0, 38, 9, 73" />
<c c=";" r="9, 38, 20, 76" />
<c c="&lt;" r="20, 38, 39, 70" />
<c c="=" r="39, 38, 65, 72" />
<c c="&gt;" r="65, 38, 85, 70" />
<c c="?" r="85, 38, 112, 75" />
<c c="@" r="112, 38, 141, 73" />
<c c="A" r="141, 38, 176, 74" />
<c c="B" r="176, 38, 202, 74" />
<c c="C" r="202, 38, 231, 75" />
<c c="D" r="231, 38, 258, 74" />
<c c="E" r="258, 38, 280, 73" />
<c c="F" r="280, 38, 302, 73" />
<c c="G" r="302, 38, 334, 75" />
<c c="H" r="334, 38, 361, 73" />
<c c="I" r="361, 38, 375, 74" />
<c c="J" r="375, 38, 398, 75" />
<c c="K" r="398, 38, 423, 74" />
<c c="L" r="423, 38, 444, 74" />
<c c="M" r="444, 38, 480, 75" />
<c c="N" r="480, 38, 507, 74" />
<c c="O" r="0, 76, 31, 113" />
<c c="P" r="31, 76, 56, 112" />
<c c="Q" r="56, 76, 87, 114" />
<c c="R" r="87, 76, 112, 112" />
<c c="S" r="112, 76, 137, 111" />
<c c="T" r="137, 76, 159, 112" />
<c c="U" r="159, 76, 183, 113" />
<c c="V" r="183, 76, 215, 113" />
<c c="W" r="215, 76, 254, 113" />
<c c="X" r="254, 76, 286, 112" />
<c c="Y" r="286, 76, 317, 112" />
<c c="Z" r="317, 76, 348, 112" />
<c c="[" r="348, 76, 359, 115" />
<c c="\" r="359, 76, 372, 111" />
<c c="]" r="372, 76, 383, 115" />
<c c="^" r="383, 76, 401, 105" />
<c c="_" r="401, 76, 422, 116" />
<c c="`" r="422, 76, 433, 93" />
<c c="a" r="433, 76, 456, 111" />
<c c="b" r="456, 76, 480, 111" />
<c c="c" r="480, 76, 502, 111" />
<c c="d" r="0, 116, 24, 151" />
<c c="e" r="24, 116, 47, 151" />
<c c="f" r="47, 116, 64, 151" />
<c c="g" r="64, 116, 87, 158" />
<c c="h" r="87, 116, 108, 151" />
<c c="i" r="108, 116, 119, 151" />
<c c="j" r="119, 116, 134, 157" />
<c c="k" r="134, 116, 156, 151" />
<c c="l" r="156, 116, 167, 151" />
<c c="m" r="167, 116, 199, 151" />
<c c="n" r="199, 116, 221, 151" />
<c c="o" r="221, 116, 246, 152" />
<c c="p" r="246, 116, 270, 157" />
<c c="q" r="270, 116, 294, 157" />
<c c="r" r="294, 116, 312, 151" />
<c c="s" r="312, 116, 330, 151" />
<c c="t" r="330, 116, 345, 152" />
<c c="u" r="345, 116, 366, 152" />
<c c="v" r="366, 116, 388, 151" />
<c c="w" r="388, 116, 419, 151" />
<c c="x" r="419, 116, 442, 151" />
<c c="y" r="442, 116, 464, 157" />
<c c="z" r="464, 116, 484, 151" />
<c c="{" r="484, 116, 497, 155" />
<c c="|" r="497, 116, 503, 158" />
<c c="}" r="0, 158, 13, 197" />
<c c="~" r="13, 158, 32, 185" />
</font>